"氏名","ふりがな","氏名ふりがな"
"大内しんご","おおうちしんご","大内しんご（おおうちしんご）"
"南かつひこ","みなみかつひこ","南かつひこ（みなみかつひこ）"
"小杉一男","こすぎかずお","小杉一男（こすぎかずお）"
"杉山司","すぎやまつかさ","杉山司（すぎやまつかさ）"
"市川しんたろう","いちかわしんたろう","市川しんたろう（いちかわしんたろう）"
"甲田ゆり子","こうだゆりこ","甲田ゆり子（こうだゆりこ）"
"木村広一","きむらひろかず","木村広一（きむらひろかず）"
"森たかゆき","もりたかゆき","森たかゆき（もりたかゆき）"
"加藤たくま","かとうたくま","加藤たくま（かとうたくま）"
"白井ひでふみ","しらいひでふみ","白井ひでふみ（しらいひでふみ）"
"来住和行","きしかずゆき","来住和行（きしかずゆき）"
"山本たかし","やまもとたかし","山本たかし（やまもとたかし）"
"石坂わたる","いしざかわたる","石坂わたる（いしざかわたる）"
"生藤健人","なまふじたけと","生藤健人（なまふじたけと）"
"吉田康一郎","よしだこういちろう","吉田康一郎（よしだこういちろう）"
"高橋かずちか","たかはしかずちか","高橋かずちか（たかはしかずちか）"
"ひやま隆","ひやまたかし","ひやま隆（ひやまたかし）"
"羽鳥だいすけ","はとりだいすけ","羽鳥だいすけ（はとりだいすけ）"
"渡辺たけし","わたなべたけし","渡辺たけし（わたなべたけし）"
"平山英明","ひらやまひであき","平山英明（ひらやまひであき）"
"伊藤正信","いとうまさのぶ","伊藤正信（いとうまさのぶ）"
"むとう有子","むとうゆうこ","むとう有子（むとうゆうこ）"
"近藤さえ子","こんどうさえこ","近藤さえ子（こんどうさえこ）"
"小宮山たかし","こみやまたかし","小宮山たかし（こみやまたかし）"
"内野大三郎","ないやだいさぶろう","内野大三郎（ないやだいさぶろう）"
"竹村あきひろ","たけむらあきひろ","竹村あきひろ（たけむらあきひろ）"
"立石りお","たていしりお","立石りお（たていしりお）"
"日野たかし","ひのたかし","日野たかし（ひのたかし）"
"河合りな","かわいりな","河合りな（かわいりな）"
"高橋ちあき","たかはしちあき","高橋ちあき（たかはしちあき）"
"若林しげお","わかばやししげお","若林しげお（わかばやししげお）"
"浦野さとみ","うらのさとみ","浦野さとみ（うらのさとみ）"
"いさ哲郎","いさてつろう","いさ哲郎（いさてつろう）"
"長沢和彦","ながさわかずひこ","長沢和彦（ながさわかずひこ）"
"斉藤ゆり","さいとうゆり","斉藤ゆり（さいとうゆり）"
"小林ぜんいち","こばやしぜんいち","小林ぜんいち（こばやしぜんいち）"
"中村延子","なかむらのぶこ","中村延子（なかむらのぶこ）"
"間ひとみ","かんひとみ","間ひとみ（かんひとみ）"
"いながきじゅん子","いながきじゅんこ","いながきじゅん子（いながきじゅんこ）"
"久保りか","くぼりか","久保りか（くぼりか）"
"酒井たくや","さかいたくや","酒井たくや（さかいたくや）"
"いでい良輔","いでいりょうすけ","いでい良輔（いでいりょうすけ）"
"内川和久","うちかわかずひさ","内川和久（うちかわかずひさ）"
"伊東しんじ","いとうしんじ","伊東しんじ（いとうしんじ）"
"細野かよこ","ほそのかよこ","細野かよこ（ほそのかよこ）"
"広川まさのり","ひろかわまさのり","広川まさのり（ひろかわまさのり）"
"篠国昭","しのくにあき","篠国昭（しのくにあき）"
"佐野れいじ","さのれいじ","佐野れいじ（さのれいじ）"
"北原ともあき","きたはらともあき","北原ともあき（きたはらともあき）"
"市川みのる","いちかわみのる","市川みのる（いちかわみのる）"
"小林秀明","こばやしひであき","小林秀明（こばやしひであき）"
"岩永しほ子","いわながしほこ","岩永しほ子（いわながしほこ）"
"林まさみ","はやしまさみ","林まさみ（はやしまさみ）"
"やながわ","やながわ","やながわ（やながわ）"
"ひぐち和正","ひぐちかずまさ","ひぐち和正（ひぐちかずまさ）"
"石川直行","いしかわちょっこう","石川直行（いしかわちょっこう）"
"後藤英之","ごとうひでゆき","後藤英之（ごとうひでゆき）"
"吉原宏","よしはらひろし","吉原宏（よしはらひろし）"
"かせ次郎","かせじろう","かせ次郎（かせじろう）"
"佐伯利昭","さえきとしあき","佐伯利昭（さえきとしあき）"
"金子洋","かねこひろし","金子洋（かねこひろし）"
"奥田けんじ","おくだけんじ","奥田けんじ（おくだけんじ）"
"やながわ妙子","やながわたえこ","やながわ妙子（やながわたえこ）"
"髙橋ちあき","はしちあき","髙橋ちあき（はしちあき）"
"髙橋かずちか","はしかずちか","髙橋かずちか（はしかずちか）"
"せきと進","せきとすすむ","せきと進（せきとすすむ）"
"山口かおり","やまぐちかおり","山口かおり（やまぐちかおり）"
"山崎芳夫","やまざきよしお","山崎芳夫（やまざきよしお）"
"のづ恵子","のづけいこ","のづ恵子（のづけいこ）"
"佐藤ひろこ","さとうひろこ","佐藤ひろこ（さとうひろこ）"
"白井秀史","しらいひでし","白井秀史（しらいひでし）"
"岡本いさお","おかもといさお","岡本いさお（おかもといさお）"
"つぼいえみ","つぼいえみ","つぼいえみ（つぼいえみ）"
"牛崎のり子","うしざきのりこ","牛崎のり子（うしざきのりこ）"
"飯島謹一","いいじまきんいち","飯島謹一（いいじまきんいち）"
"斉藤金造","さいとうきんぞう","斉藤金造（さいとうきんぞう）"
"きたごう秀文","きたごうひでふみ","きたごう秀文（きたごうひでふみ）"
"江口済三郎","えぐちすみさぶろう","江口済三郎（えぐちすみさぶろう）"
"小堤勇","こつつみいさみ","小堤勇（こつつみいさみ）"
"藤本やすたみ","ふじもとやすたみ","藤本やすたみ（ふじもとやすたみ）"
"大泉正勝","おおいずみまさかつ","大泉正勝（おおいずみまさかつ）"
"斉藤高輝","さいとうこうき","斉藤高輝（さいとうこうき）"
"こしみず敏明","こしみずとしあき","こしみず敏明（こしみずとしあき）"
"北原奉昭","きたはらほうあきら","北原奉昭（きたはらほうあきら）"
"はっとり幸子","はっとりゆきこ","はっとり幸子（はっとりゆきこ）"
"小串まさのり","おぐしまさのり","小串まさのり（おぐしまさのり）"
"飯島きんいち","いいじまきんいち","飯島きんいち（いいじまきんいち）"
"池田一雄","いけだかずお","池田一雄（いけだかずお）"
"江田とおる","えだとおる","江田とおる（えだとおる）"
"平島好人","ひらしまこうじん","平島好人（ひらしまこうじん）"
"昆まさ子","こんまさこ","昆まさ子（こんまさこ）"
"柿沼秀光","かきぬまひでみつ","柿沼秀光（かきぬまひでみつ）"
"若林ふくぞう","わかばやしふくぞう","若林ふくぞう（わかばやしふくぞう）"
"高倉良生","たかくらよしたか","高倉良生（たかくらよしたか）"
"佐藤ひろ子","さとうひろこ","佐藤ひろ子（さとうひろこ）"
"江田徹","えだとおる","江田徹（えだとおる）"
"西村孝雄","にしむらたかお","西村孝雄（にしむらたかお）"
"川上進","かわかみすすむ","川上進（かわかみすすむ）"
"小沢哲雄","おざわてつお","小沢哲雄（おざわてつお）"
"鈴木光子","すずきこうし","鈴木光子（すずきこうし）"
"近藤正二","こんどうしょうじ","近藤正二（こんどうしょうじ）"
"古木謙市郎","こぼくけんいちろう","古木謙市郎（こぼくけんいちろう）"
"樋口きこう","ひぐちきこう","樋口きこう（ひぐちきこう）"
"木村勝昭","きむらかつあき","木村勝昭（きむらかつあき）"
"しの国昭","しのくにあき","しの国昭（しのくにあき）"
